workbook_path,summary_excel_row,model_name,profile_id,input_length,output_length,cache_percentage,batch_size,max_ms,target_max_ms,prompt_throughput,gen_throughput,throughput,throughput_per_box,uncached_throughput,uncached_throughput_per_box,cached_throughput,cached_throughput_per_box,ttft_ms,real_prompt_speed,prompt_speed_queued,gen_speed,rpm
Model_A_profile_1/Model A profile 1.xlsx,3,Model A,1,10000,333,0.5,10,218270.0,218270.0,146741.4643,40245.3173,261615.7086,37373.6727,135208.3643,19314.8764,126403.1152,18058.7962,11.0,896160.0,450210.0,1354.4772,2514.4
Model_A_profile_1/Model A profile 1.xlsx,4,Model A,1,10000,333,0.5,20,217350.0,217350.0,229604.6949,56329.0649,404149.0928,57737.3972,208894.1738,29841.4207,195263.3775,27895.9766,8.333333333333334,1388670.0,610200.0,1220.4817,3884.3
Model_A_profile_1/Model A profile 1.xlsx,5,Model A,1,10000,333,0.5,30,216430.0,216430.0,288094.8944,71097.523,507464.8617,72493.1677,262296.6141,37470.9449,245172.4769,35026.4521,7.333333333333334,1745340.0,692640.0,1061.4032,4876.900000000001
Model_A_profile_1/Model A profile 1.xlsx,6,Model A,1,10000,333,0.5,40,215510.0,215510.0,333504.097,60892.4,563874.2819,80554.073,291452.9001,41636.7328,272425.611,38917.3403,5.0,1972020.0,971790.0,981.5339,5419.400000000001
Model_A_profile_2/Model A profile 2.xlsx,3,Model A,2,10000,4000,0.0,10,218270.0,218270.0,143590.6908,56113.3743,99340.2962,14193.2834,99340.2962,14193.2834,0.0,0.0,24.33333333333334,530670.0,412170.0,1184.1774,704.9
Model_A_profile_3/Model A profile 3.xlsx,3,Model A,3,3200,400,0.5,10,218270.0,218270.0,161501.4641,44115.0594,223455.3999,31922.2,124647.9862,17805.0427,98815.8721,14117.1573,4.0,707910.0,398460.0,1233.6832,6164.2
Model_A_profile_3/Model A profile 3.xlsx,4,Model A,3,3200,400,0.5,20,217350.0,217350.0,266538.528,64597.2022,354667.1453,50666.1309,197822.0594,28259.69,156845.0859,22406.4408,3.333333333333334,1120860.0,486420.0,1108.9287,9783.9
Model_A_profile_3/Model A profile 3.xlsx,5,Model A,3,3200,400,0.5,30,216430.0,216430.0,338481.8963,80393.3624,447223.7625,63890.9215,249486.2877,35639.6899,197758.621,28251.2316,3.333333333333334,1418670.0,495240.0,977.5735,12336.8
Model_A_profile_3/Model A profile 3.xlsx,6,Model A,3,3200,400,0.5,40,215510.0,215510.0,395364.9899,79522.1418,491626.4093,70230.5317,274307.6167,39188.0107,217318.7926,31046.7501,2.333333333333334,1606110.0,701670.0,901.0046,13561.8
Model_A_profile_4/Model A profile 4.xlsx,3,Model A,4,1000,1000,0.5,10,218270.0,218270.0,165434.6445,56379.8156,112074.4965,16011.8507,84098.1646,12015.2319,27967.8734,3996.6188,2.666666666666667,243450.0,209040.0,1248.8649,5565.0
Model_A_profile_4/Model A profile 4.xlsx,4,Model A,4,1000,1000,0.5,20,217350.0,217350.0,273669.0036,83455.3222,170442.0484,24347.6557,127904.4905,18270.2575,42512.1826,6073.1689,2.0,376470.0,267750.0,1126.7508,8463.0
Model_A_profile_4/Model A profile 4.xlsx,5,Model A,4,1000,1000,0.5,30,216430.0,216430.0,355081.6095,78591.712,171444.3751,24491.4494,128699.585,18384.4467,42744.79,6107.0028,0.6666666666666667,929790.0,697680.0,990.1149,8512.699999999999
Model_A_profile_4/Model A profile 4.xlsx,6,Model A,4,1000,1000,0.5,40,215510.0,215510.0,416502.6628,70264.3655,160194.6332,22884.3434,120241.1325,17179.1172,39945.0422,5705.2263,0.6666666666666667,1384530.0,925980.0,914.8662,7954.099999999999
Model_A_profile_5/Model A profile 5.xlsx,3,Model A,5,8000,1000,0.5,10,218270.0,218270.0,149050.6219,40617.4892,206047.9045,29435.4149,114950.3704,16422.0857,91097.5341,13013.3293,12.0,652230.0,331320.0,1207.2801,2273.6
Model_A_profile_5/Model A profile 5.xlsx,4,Model A,5,8000,1000,0.5,20,217350.0,217350.0,239885.944,54510.4976,311875.8338,44554.8989,174104.5584,24872.0798,137813.5677,19687.0483,7.333333333333334,1011420.0,535920.0,1079.8853,3441.2
Model_A_profile_5/Model A profile 5.xlsx,5,Model A,5,8000,1000,0.5,30,216430.0,216430.0,302816.8311,70133.2595,396236.2105,56603.9646,221251.973,31609.2372,175018.0713,25003.1858,8.0,1256910.0,496230.0,943.9096,4372.2
Model_A_profile_5/Model A profile 5.xlsx,6,Model A,5,8000,1000,0.5,40,215510.0,215510.0,352366.4462,74730.4284,446449.8141,63776.7323,249405.9324,35631.2314,197052.3402,28149.7301,8.0,1422060.0,498720.0,868.0007,4926.599999999999
Model_A_profile_6/Model A profile 6.xlsx,3,Model A,6,60000,200,0.9,10,218270.0,218270.0,83616.0328,325.6504,438122.4676,62588.3198,45206.1997,6458.0285,392916.2678,56130.2912,35.00000000000001,593280.0,171930.0,1201.9995,722.4
Model_A_profile_6/Model A profile 6.xlsx,4,Model A,6,60000,200,0.9,20,217350.0,217350.0,113783.1039,249.5244,438071.7169,62579.8613,45201.9705,6458.0285,392873.9756,56126.062,34.33333333333334,807510.0,174210.0,1067.3439,722.4
Model_A_profile_6/Model A profile 6.xlsx,5,Model A,6,60000,200,0.9,30,216430.0,216430.0,133174.1064,228.3782,438135.1553,62592.549,45210.429,6458.0285,392928.9555,56134.5205,33.33333333333334,945210.0,179460.0,866.0205,723.1
Model_A_profile_6/Model A profile 6.xlsx,6,Model A,6,60000,200,0.9,40,215510.0,215510.0,141019.3212,219.9198,438071.7169,62579.8613,45201.9705,6458.0285,392873.9756,56126.062,33.0,1000980.0,181980.0,794.7322,722.4
Model_A_profile_7/Model A profile 7.xlsx,3,Model A,7,17000,3500,0.7,10,218270.0,218270.0,131985.6938,35030.6813,213334.8614,30475.8046,89629.9926,12806.0972,123709.098,17673.9366,21.33333333333334,404460.0,239190.0,1295.7304,1033.2
Model_A_profile_7/Model A profile 7.xlsx,4,Model A,7,17000,3500,0.7,20,217350.0,217350.0,204030.5636,46233.9017,306453.9657,43780.9505,128911.0463,18414.0512,177542.9194,25362.67,18.0,572340.0,282690.0,1160.4147,1484.7
Model_A_profile_7/Model A profile 7.xlsx,5,Model A,7,17000,3500,0.7,30,216430.0,216430.0,248247.1244,41907.4032,320765.6674,45823.6668,134874.2554,19268.3549,185891.412,26555.3118,11.33333333333334,882990.0,474240.0,992.0951,1554.0
Model_A_profile_7/Model A profile 7.xlsx,6,Model A,7,17000,3500,0.7,40,215510.0,215510.0,278604.5106,35229.4549,304102.5159,43442.6124,127836.8229,18261.7991,176240.3177,25176.5841,10.0,1070700.0,541920.0,914.2061,1473.5
Model_B_profile_1/Model B profile 1.xlsx,3,Model B,1,10000,333,0.5,10,593317.0,614800.0,134286.3929,22389.5239,223789.5088,9325.444,115660.8804,4817.0887,108124.3992,4504.126,10.66666666666667,769440.0,465450.0,864.7004,2151.1
Model_B_profile_1/Model B profile 1.xlsx,4,Model B,1,10000,333,0.5,20,593317.0,611320.0,232472.1103,34476.6527,379534.9959,15813.0771,196164.2027,8175.0944,183370.7932,7642.2119,5.666666666666668,1314420.0,901680.0,774.2699,3647.7
Model_B_profile_1/Model B profile 1.xlsx,5,Model B,1,10000,333,0.5,30,593028.0,607840.0,307938.4241,37196.0452,482580.0943,20105.7417,249431.3077,10391.209,233148.7865,9714.5328,4.0,1731030.0,1301940.0,680.539,4638.2
Model_B_profile_1/Model B profile 1.xlsx,6,Model B,1,10000,333,0.5,40,560860.0,560860.0,364005.277,46568.0106,577310.5338,24055.8391,298443.8111,12433.9253,278866.7227,11617.6846,5.333333333333334,1983000.0,925800.0,615.8515,5548.2
Model_B_profile_2/Model B profile 2.xlsx,3,Model B,2,10000,4000,0.0,10,593317.0,614800.0,138524.0777,33753.455,73419.3683,3057.7306,73419.3683,3057.7306,0.0,0.0,39.66666666666666,383280.0,253230.0,724.7641,520.8000000000001
Model_B_profile_3/Model B profile 3.xlsx,3,Model B,3,3200,400,0.5,10,593317.0,614800.0,139526.4043,21657.8678,155889.2808,6496.0916,86948.6632,3624.4469,68940.6176,2871.6446,4.333333333333334,499290.0,364560.0,763.7086,4300.099999999999
Model_B_profile_3/Model B profile 3.xlsx,4,Model B,3,3200,400,0.5,20,593317.0,611320.0,245853.3823,34776.9277,263256.6484,10970.613,146830.2781,6119.6904,116426.3703,4850.9225,4.333333333333334,828240.0,375060.0,689.7801,7262.5
Model_B_profile_3/Model B profile 3.xlsx,5,Model B,3,3200,400,0.5,30,593028.0,607840.0,330031.9022,46018.2112,350877.7586,14620.4353,195775.1139,8158.1775,155102.6447,6462.2578,2.666666666666667,1147830.0,604980.0,617.8317,9678.9
Model_B_profile_3/Model B profile 3.xlsx,6,Model B,3,3200,400,0.5,40,560860.0,560860.0,396633.7577,47883.3,392852.8294,16367.1057,219226.1736,9135.1288,173664.7189,7236.2062,2.0,1384860.0,826740.0,566.3457,10837.4
Model_B_profile_4/Model B profile 4.xlsx,3,Model B,4,1000,1000,0.5,10,593317.0,614800.0,140955.8828,28323.1284,62854.761,2617.8911,47168.5607,1966.5902,15686.2003,655.5301,2.666666666666667,184080.0,182550.0,770.3094,3121.3
Model_B_profile_4/Model B profile 4.xlsx,4,Model B,4,1000,1000,0.5,20,593317.0,611320.0,250213.7146,46284.6524,104093.9465,4339.1862,78118.0387,3256.5042,25963.2202,1082.6819,4.0,204030.0,133080.0,699.6812,5168.8
Model_B_profile_4/Model B profile 4.xlsx,5,Model B,4,1000,1000,0.5,30,593028.0,607840.0,336802.8935,47117.81,110137.5109,4588.7105,82668.6862,3442.5902,27460.3663,1146.1203,0.6666666666666667,796860.0,769860.0,627.0728,5469.099999999999
Model_B_profile_4/Model B profile 4.xlsx,6,Model B,4,1000,1000,0.5,40,560860.0,560860.0,407046.1128,42288.0336,102076.6056,4254.6016,76616.6633,3193.0658,25459.9422,1061.5358,0.3333333333333334,1333560.0,1260030.0,575.5868,5068.7
Model_B_profile_5/Model B profile 5.xlsx,3,Model B,5,8000,1000,0.5,10,593317.0,614800.0,138202.6565,21057.3177,153085.3038,6377.6732,85404.9956,3556.7793,67680.3082,2820.8939,11.0,492030.0,365490.0,743.2463,1689.1
Model_B_profile_5/Model B profile 5.xlsx,4,Model B,5,8000,1000,0.5,20,593317.0,611320.0,242216.2477,32725.753,253546.3449,10564.6073,141539.516,5895.5414,112006.8289,4664.8366,11.0,798900.0,360780.0,664.6971,2797.9
Model_B_profile_5/Model B profile 5.xlsx,5,Model B,5,8000,1000,0.5,30,593028.0,607840.0,324246.3207,42710.9562,335035.0769,13960.676,187168.6384,7798.6933,147866.4385,6161.9827,6.666666666666668,1092390.0,588000.0,588.1283,3696.7
Model_B_profile_5/Model B profile 5.xlsx,6,Model B,5,8000,1000,0.5,40,560860.0,560860.0,387291.3969,43463.7585,368822.3657,15369.0083,206124.0306,8589.5586,162702.5643,6779.4497,5.0,1301220.0,775890.0,532.0217,4069.8
Model_B_profile_6/Model B profile 6.xlsx,3,Model B,6,60000,200,0.9,10,593317.0,614800.0,107443.4937,4474.5214,967325.5524,40304.5265,99809.7403,4157.3294,867511.5829,36147.197,11.66666666666667,700350.0,528630.0,770.3094,1596.0
Model_B_profile_6/Model B profile 6.xlsx,4,Model B,6,60000,200,0.9,20,593317.0,611320.0,169735.7676,7265.8108,1530772.6824,63780.9616,157999.6647,6584.9053,1372773.0177,57200.2855,9.666666666666666,1087860.0,629430.0,651.4956,2524.9
Model_B_profile_6/Model B profile 6.xlsx,5,Model B,6,60000,200,0.9,30,593028.0,607840.0,209833.062,7832.5271,1871918.9913,77995.3911,193271.4119,8052.4468,1678647.5794,69942.9443,9.333333333333336,1328910.0,639960.0,524.1008,3087.7
Model_B_profile_6/Model B profile 6.xlsx,6,Model B,6,60000,200,0.9,40,560860.0,560860.0,231812.351,6940.1603,2026285.7506,84428.0443,209287.4918,8720.6646,1816994.0296,75707.3797,10.66666666666667,1436610.0,555480.0,451.4924,3342.5
Model_B_profile_7/Model B profile 7.xlsx,3,Model B,7,17000,3500,0.7,10,593317.0,614800.0,133072.605,20317.2031,162609.5214,6775.2205,68327.3798,2846.2693,94282.1415,3928.9512,30.0,301800.0,169260.0,819.1551,787.5
Model_B_profile_7/Model B profile 7.xlsx,4,Model B,7,17000,3500,0.7,20,593317.0,611320.0,229300.1906,29122.4522,250831.1816,10450.4181,105493.8204,4394.1661,145320.4443,6056.252,19.66666666666667,477930.0,259800.0,722.1238,1215.2
Model_B_profile_7/Model B profile 7.xlsx,5,Model B,7,17000,3500,0.7,30,593028.0,607840.0,302448.8884,33178.2802,300964.43,12539.6559,126775.2871,5282.3036,174189.1429,7257.3523,9.000000000000002,772170.0,570390.0,621.1321,1458.1
Model_B_profile_7/Model B profile 7.xlsx,6,Model B,7,17000,3500,0.7,40,560860.0,560860.0,355318.4462,27528.0339,278126.6081,11588.08,117153.7973,4880.5271,160972.8108,6707.5529,5.666666666666668,1081860.0,960840.0,555.1244,1347.5
Model_C_profile_1/Model C profile 1.xlsx,3,Model C,1,10000,333,0.5,10,339840.0,339840.0,56409.4202,6229.6503,86661.0758,3209.9827,44787.5063,1657.8567,41873.5694,1552.126,16.66666666666667,310830.0,306360.0,451.4924,833.0
Model_C_profile_1/Model C profile 1.xlsx,4,Model C,1,10000,333,0.5,20,339840.0,339840.0,100685.1901,13127.5184,160334.1976,5937.8337,82871.689,3070.4183,77466.7378,2867.4154,17.33333333333334,550020.0,285720.0,402.6467,1540.7
Model_C_profile_1/Model C profile 1.xlsx,5,Model C,1,10000,333,0.5,30,339840.0,339840.0,136045.7511,17965.7533,217213.0619,8043.9884,112264.8117,4157.3294,104935.5625,3886.659,12.66666666666667,745590.0,394200.0,362.3821,2087.4
Model_C_profile_1/Model C profile 1.xlsx,6,Model C,1,10000,333,0.5,40,339840.0,339840.0,165388.123,21695.9308,263654.1957,9765.2835,136295.2754,5049.6962,127375.8372,4715.5873,10.33333333333333,907650.0,485700.0,330.6984,2534.0
Model_C_profile_2/Model C profile 2.xlsx,3,Model C,2,10000,4000,0.0,10,339840.0,339840.0,60532.9158,11621.9138,27481.5124,1019.2435,27481.5124,1019.2435,0.0,0.0,120.6666666666667,143190.0,82740.0,370.303,195.3
Model_C_profile_3/Model C profile 3.xlsx,3,Model C,3,3200,400,0.5,10,339840.0,339840.0,61332.2396,8031.3007,63298.8298,2342.9914,35297.1226,1306.8309,28001.7072,1036.1604,10.0,202080.0,161190.0,409.2475,1745.8
Model_C_profile_3/Model C profile 3.xlsx,4,Model C,3,3200,400,0.5,20,339840.0,339840.0,108729.1785,14066.4066,111545.8432,4131.9541,62216.1479,2304.9283,49329.6954,1827.0258,7.0,360810.0,230430.0,363.7022,3077.2
Model_C_profile_3/Model C profile 3.xlsx,5,Model C,3,3200,400,0.5,30,339840.0,339840.0,146242.4156,19069.5813,150577.3726,5578.3495,84000.8924,3112.7105,66576.4801,2465.6389,6.0,489030.0,266370.0,326.7379,4153.8
Model_C_profile_3/Model C profile 3.xlsx,6,Model C,3,3200,400,0.5,40,339840.0,339840.0,177428.7303,23036.5956,182258.5067,6749.8451,101691.746,3768.2406,80566.7607,2985.8338,5.666666666666668,573270.0,276840.0,298.3546,5028.099999999999
Model_C_profile_4/Model C profile 4.xlsx,3,Model C,4,1000,1000,0.5,10,339840.0,339840.0,63184.6407,10746.464,24487.2202,905.0544,18371.759,680.9054,6115.4612,228.3782,5.0,102060.0,101790.0,418.4886,1215.9
Model_C_profile_4/Model C profile 4.xlsx,4,Model C,4,1000,1000,0.5,20,339840.0,339840.0,111858.806,19251.438,43776.7213,1619.7937,32852.6298,1218.0172,10928.3207,406.0057,5.333333333333334,103680.0,99840.0,371.6231,2173.5
Model_C_profile_4/Model C profile 4.xlsx,5,Model C,4,1000,1000,0.5,30,339840.0,339840.0,149701.9227,25075.0826,57225.6608,2118.8424,42952.0221,1590.1891,14269.4095,528.6533,3.0,175320.0,174450.0,335.3189,2841.3
Model_C_profile_4/Model C profile 4.xlsx,6,Model C,4,1000,1000,0.5,40,339840.0,339840.0,181129.3033,22685.5698,53719.6322,1987.7364,40321.4434,1492.9169,13398.1889,494.8195,1.0,472560.0,468360.0,304.2953,2667.7
Model_C_profile_5/Model C profile 5.xlsx,3,Model C,5,8000,1000,0.5,10,339840.0,339840.0,59792.8012,7354.6245,59792.8012,2216.1146,33360.1369,1234.9341,26432.6643,976.9513,26.0,190860.0,152730.0,386.8049,660.1
Model_C_profile_5/Model C profile 5.xlsx,4,Model C,5,8000,1000,0.5,20,339840.0,339840.0,106348.1241,12987.9539,105937.8892,3924.722,59124.5834,2190.7392,46813.3057,1733.9828,18.33333333333334,342270.0,218940.0,345.2201,1169.0
Model_C_profile_5/Model C profile 5.xlsx,5,Model C,5,8000,1000,0.5,30,339840.0,339840.0,143176.2266,17690.8535,143391.9171,5311.9082,80067.712,2964.6876,63324.2051,2347.2206,15.66666666666667,465180.0,254580.0,310.8961,1582.0
Model_C_profile_5/Model C profile 5.xlsx,6,Model C,5,8000,1000,0.5,40,339840.0,339840.0,174349.8535,21344.9051,173732.3865,6432.6532,97056.514,3594.8423,76680.1017,2842.0401,15.33333333333334,547560.0,262290.0,284.493,1917.3
Model_C_profile_6/Model C profile 6.xlsx,3,Model C,6,60000,200,0.9,10,339840.0,339840.0,37035.3346,1831.255,337378.0683,12497.3637,34810.7615,1289.914,302567.3067,11207.4497,37.00000000000001,239040.0,162540.0,347.8604,556.5
Model_C_profile_6/Model C profile 6.xlsx,4,Model C,6,60000,200,0.9,20,339840.0,339840.0,67599.9529,2000.424,590649.5135,21877.7876,60964.2969,2258.4068,529685.2166,19619.3807,28.66666666666667,419700.0,210090.0,316.8368,974.3999999999999
Model_C_profile_6/Model C profile 6.xlsx,5,Model C,6,60000,200,0.9,30,339840.0,339840.0,92607.3679,3328.4011,823810.9877,30509.6384,85028.5944,3150.7736,738786.6225,27363.0941,14.66666666666667,584910.0,405150.0,286.4732,1358.7
Model_C_profile_6/Model C profile 6.xlsx,6,Model C,6,60000,200,0.9,40,339840.0,339840.0,114425.9463,3260.7335,995572.5547,36874.624,102791.3448,3806.3037,892781.2099,33064.0911,16.66666666666667,706230.0,357750.0,264.0306,1642.2
Model_C_profile_7/Model C profile 7.xlsx,3,Model C,7,17000,3500,0.7,10,339840.0,339840.0,55077.2139,6521.4669,57741.6264,2139.9885,24250.3835,896.596,33491.2429,1239.1633,62.66666666666666,104880.0,81360.0,411.2277,280.0
Model_C_profile_7/Model C profile 7.xlsx,4,Model C,7,17000,3500,0.7,20,339840.0,339840.0,98642.4738,11511.9539,102292.2961,3789.3867,43028.1482,1594.4183,59264.1479,2194.9684,43.66666666666667,194100.0,116730.0,367.6627,495.6
Model_C_profile_7/Model C profile 7.xlsx,5,Model C,7,17000,3500,0.7,30,339840.0,339840.0,133635.0921,15665.0542,138896.2496,5142.7392,58464.8241,2165.3639,80435.6547,2977.3753,37.66666666666666,258150.0,135030.0,332.0185,672.6999999999999
Model_C_profile_7/Model C profile 7.xlsx,6,Model C,7,17000,3500,0.7,40,339840.0,339840.0,162393.8308,15686.2003,148450.0718,5497.9942,62533.3398,2317.616,85916.7319,3180.3782,15.0,408240.0,352050.0,302.9752,718.9
Model_D_profile_1/Model D profile 1.xlsx,3,Model D,1,10000,333,0.5,10,597849.0,597849.0,92615.8264,15394.3837,154269.4871,4821.318,79725.1447,2491.0143,74544.3425,2330.3037,10.33333333333333,533550.0,485160.0,890.4433,1482.6
Model_D_profile_1/Model D profile 1.xlsx,4,Model D,1,10000,333,0.5,20,597849.0,597849.0,159818.232,23865.5239,261260.4536,8162.4067,135030.7368,4220.7678,126229.7169,3945.8681,7.333333333333334,901590.0,693720.0,798.0326,2510.9
Model_D_profile_1/Model D profile 1.xlsx,5,Model D,1,10000,333,0.5,30,597849.0,597849.0,211550.1279,29684.9393,341810.2974,10683.0256,176671.6988,5519.1403,165142.8279,5159.6561,6.333333333333334,1180410.0,768750.0,720.1436,3285.1
Model_D_profile_1/Model D profile 1.xlsx,6,Model D,1,10000,333,0.5,40,597849.0,597849.0,251985.7604,32095.5983,399332.0041,12480.4468,206411.618,6449.5701,192920.3861,6030.8767,6.333333333333334,1373760.0,772020.0,642.9146,3838.099999999999
Model_D_profile_2/Model D profile 2.xlsx,3,Model D,2,10000,4000,0.0,10,597849.0,597849.0,94903.8378,22905.4895,49997.9131,1560.5845,49997.9131,1560.5845,0.0,0.0,39.33333333333334,274920.0,259980.0,751.8273,354.9
Model_D_profile_3/Model D profile 3.xlsx,3,Model D,3,3200,400,0.5,10,597849.0,597849.0,95479.0126,15610.0742,109164.7888,3412.9856,60875.4831,1903.1518,48289.3057,1509.8338,7.0,345510.0,227160.0,783.5109,3011.4
Model_D_profile_3/Model D profile 3.xlsx,4,Model D,3,3200,400,0.5,20,597849.0,597849.0,167642.3006,23429.9136,178536.7875,5578.3495,99555.9867,3112.7105,78976.5716,2469.8681,4.333333333333334,571920.0,377940.0,704.9618,4925.2
Model_D_profile_3/Model D profile 3.xlsx,5,Model D,3,3200,400,0.5,30,597849.0,597849.0,224225.1191,29253.5582,230970.735,7219.2893,128830.691,4026.2234,102140.044,3193.0658,3.333333333333334,750780.0,467190.0,640.9344,6371.400000000001
Model_D_profile_3/Model D profile 3.xlsx,6,Model D,3,3200,400,0.5,40,597849.0,597849.0,269871.1584,34303.2544,274400.6597,8576.8709,153076.8453,4783.2549,121323.8144,3789.3867,2.666666666666667,917970.0,565710.0,580.2073,7569.800000000001
Model_D_profile_4/Model D profile 4.xlsx,3,Model D,4,1000,1000,0.5,10,597849.0,597849.0,96295.2532,20266.4523,44631.025,1395.6447,33482.7845,1044.6189,11148.2405,346.7966,3.666666666666667,133920.0,133680.0,790.1117,2216.2
Model_D_profile_4/Model D profile 4.xlsx,4,Model D,4,1000,1000,0.5,20,597849.0,597849.0,169892.249,32548.1255,72797.672,2275.3237,54628.9159,1708.6074,18168.7561,566.7163,4.333333333333334,143250.0,117780.0,716.1831,3614.8
Model_D_profile_4/Model D profile 4.xlsx,5,Model D,4,1000,1000,0.5,30,597849.0,597849.0,227748.0646,40359.5064,91351.2877,2854.7277,68568.4457,2144.2177,22782.842,710.51,3.333333333333334,191070.0,156210.0,652.8158,4536.0
Model_D_profile_4/Model D profile 4.xlsx,6,Model D,4,1000,1000,0.5,40,597849.0,597849.0,274768.6024,44504.1482,102055.4594,3188.8366,76599.7464,2393.7421,25443.0253,795.0945,1.333333333333333,381150.0,379080.0,592.0887,5067.3
Model_D_profile_5/Model D profile 5.xlsx,3,Model D,5,8000,1000,0.5,10,597849.0,597849.0,94726.2103,15013.7533,106792.1929,3336.8595,59581.3399,1860.8596,47215.0822,1476.0,18.0,338040.0,223200.0,765.6889,1178.1
Model_D_profile_5/Model D profile 5.xlsx,4,Model D,5,8000,1000,0.5,20,597849.0,597849.0,165489.6245,22271.1056,172971.1258,5404.9512,96523.6315,3015.4383,76451.7235,2389.5128,11.0,554880.0,366600.0,683.8394,1908.9
Model_D_profile_5/Model D profile 5.xlsx,5,Model D,5,8000,1000,0.5,30,597849.0,597849.0,220778.2997,27515.3462,222127.4228,6940.1603,124000.9146,3873.9713,98126.5082,3066.1891,9.000000000000002,721980.0,447570.0,616.5116,2450.7
Model_D_profile_5/Model D profile 5.xlsx,6,Model D,5,8000,1000,0.5,40,597849.0,597849.0,264982.1728,31786.8647,261442.3104,8170.8652,145984.4328,4563.3352,115462.1068,3607.53,7.333333333333334,872460.0,541410.0,553.1442,2884.7
Model_D_profile_6/Model D profile 6.xlsx,3,Model D,6,60000,200,0.9,10,597849.0,597849.0,76887.3338,5138.5099,712159.4138,22254.1887,73482.8067,2296.4699,638672.3779,19957.7188,18.33333333333334,504090.0,329400.0,823.7756,1174.6
Model_D_profile_6/Model D profile 6.xlsx,4,Model D,6,60000,200,0.9,20,597849.0,597849.0,121924.3645,4161.5587,1080123.2466,33753.455,111448.571,3484.8825,968670.4463,30272.8017,9.000000000000002,773340.0,661350.0,702.9816,1781.5
Model_D_profile_6/Model D profile 6.xlsx,5,Model D,6,60000,200,0.9,30,597849.0,597849.0,152167.5617,5612.1833,1356587.7687,42393.7643,140021.2238,4377.2492,1216566.5449,38016.5151,11.0,962430.0,540930.0,601.9899,2237.9
Model_D_profile_6/Model D profile 6.xlsx,6,Model D,6,60000,200,0.9,40,597849.0,597849.0,173047.2518,5540.2864,1523468.8086,47608.4003,157246.8624,4914.3609,1366226.1754,42694.0393,7.666666666666668,1083720.0,777780.0,511.5594,2513.0
Model_D_profile_7/Model D profile 7.xlsx,3,Model D,7,17000,3500,0.7,10,597849.0,597849.0,91913.7748,14404.7447,114058.0036,3565.2378,47904.4461,1497.1461,66157.7867,2068.0917,36.33333333333334,204330.0,140040.0,854.7992,552.3000000000001
Model_D_profile_7/Model D profile 7.xlsx,4,Model D,7,17000,3500,0.7,20,597849.0,597849.0,157999.6647,20976.9624,177669.7962,5552.9741,74696.5946,2334.5329,102998.5769,3218.4412,27.66666666666667,334470.0,185190.0,753.1474,861.0
Model_D_profile_7/Model D profile 7.xlsx,5,Model D,7,17000,3500,0.7,30,597849.0,597849.0,208513.5434,24347.6557,216460.2596,6762.5328,90991.8035,2842.0401,125464.2269,3920.4928,18.0,436200.0,283860.0,669.9778,1048.6
Model_D_profile_7/Model D profile 7.xlsx,6,Model D,7,17000,3500,0.7,40,597849.0,597849.0,247304.0069,28221.627,252675.1243,7895.9655,106352.3533,3324.1719,146335.4586,4571.7936,17.66666666666667,499890.0,287550.0,590.7686,1224.3
Model_E_profile_1/Model E profile 1.xlsx,3,Model E,1,10000,333,0.5,10,258060.0,258060.0,234607.8696,59945.0533,414963.2244,46107.0249,214472.5233,23831.6901,200490.7012,22275.3348,5.0,1428630.0,986310.0,1394.7419,3987.900000000001
Model_E_profile_1/Model E profile 1.xlsx,4,Model E,1,10000,333,0.5,20,257140.0,257140.0,469215.7392,107193.9694,818680.9362,90966.4281,423163.6942,47016.3086,395529.9297,43945.8903,3.333333333333334,2816010.0,1445250.0,1391.4415,7868.0
Model_E_profile_1/Model E profile 1.xlsx,5,Model E,1,10000,333,0.5,30,256220.0,256220.0,703827.838,159746.3352,1226826.6479,136312.1923,634214.7734,70467.3683,592616.1037,65844.824,3.0,4235400.0,1742490.0,1390.7814,11790.8
Model_E_profile_1/Model E profile 1.xlsx,6,Model E,1,10000,333,0.5,40,255300.0,255300.0,938435.7076,212434.0362,1634997.7349,181666.415,845333.5202,93926.8865,789600.7763,87735.2992,2.666666666666667,5627910.0,1940760.0,1390.7814,15713.6
Model_E_profile_2/Model E profile 2.xlsx,3,Model E,2,10000,4000,0.0,10,258060.0,258060.0,255441.0383,85273.8895,162685.6474,18075.7131,162685.6474,18075.7131,0.0,0.0,23.33333333333333,830010.0,427830.0,1197.379,1154.3
Model_E_profile_3/Model E profile 3.xlsx,3,Model E,3,3200,400,0.5,10,258060.0,258060.0,259852.1213,77141.0874,368830.8242,40981.2027,205713.7956,22858.9681,163117.0285,18122.2346,3.0,1154880.0,559110.0,1334.0148,10174.5
Model_E_profile_3/Model E profile 3.xlsx,4,Model E,3,3200,400,0.5,20,257140.0,257140.0,519700.0133,151258.278,733068.7086,81450.669,409004.2446,45443.0364,324064.4639,36007.6326,1.666666666666667,2331840.0,1046880.0,1338.6354,20222.3
Model_E_profile_3/Model E profile 3.xlsx,5,Model E,3,3200,400,0.5,30,256220.0,256220.0,779552.1346,144301.2008,938008.5558,104225.0525,523489.4001,58164.5491,414540.3018,46060.5034,0.6666666666666667,3831450.0,2270430.0,1341.9358,25875.5
Model_E_profile_3/Model E profile 3.xlsx,6,Model E,3,3200,400,0.5,40,255300.0,255300.0,1039400.0267,111786.9091,969254.0796,107693.0181,540786.9356,60088.847,428467.144,47608.4003,0.3333333333333334,5560140.0,3513120.0,1341.9358,26737.9
Model_E_profile_4/Model E profile 4.xlsx,3,Model E,4,1000,1000,0.5,10,258060.0,258060.0,268788.4764,103045.0984,198490.2771,22055.4151,148978.725,16553.1917,49515.7813,5502.2234,2.666666666666667,381480.0,204630.0,1370.319,9856.0
Model_E_profile_4/Model E profile 4.xlsx,4,Model E,4,1000,1000,0.5,20,257140.0,257140.0,537581.1821,109008.3074,241480.3623,26830.2115,181260.4093,20139.5756,60215.7238,6690.636,0.3333333333333334,2015340.0,1673490.0,1374.9396,11990.3
Model_E_profile_4/Model E profile 4.xlsx,5,Model E,4,1000,1000,0.5,30,256220.0,256220.0,806369.6585,102702.5311,242740.6717,26969.776,182195.0683,20245.3062,60524.4573,6724.4698,0.3333333333333334,3865470.0,2778600.0,1370.319,12053.3
Model_E_profile_4/Model E profile 4.xlsx,6,Model E,4,1000,1000,0.5,40,255300.0,255300.0,1075158.1349,100131.1615,244064.4196,27117.7989,183201.6241,20355.2661,60871.2539,6762.5328,0.0,5715720.0,3621660.0,1374.2795,12119.1
Model_E_profile_5/Model E profile 5.xlsx,3,Model E,5,8000,1000,0.5,10,258060.0,258060.0,252311.4108,64022.0275,340710.6986,37855.8045,190167.1598,21129.2145,150551.9972,16726.5899,8.0,1071270.0,492900.0,1258.106,3759.7
Model_E_profile_5/Model E profile 5.xlsx,4,Model E,5,8000,1000,0.5,20,257140.0,257140.0,504627.0509,126318.5306,677826.5548,75314.0616,378629.9414,42068.1138,299196.6134,33245.9478,4.333333333333334,2150700.0,892230.0,1260.7463,7479.5
Model_E_profile_5/Model E profile 5.xlsx,5,Model E,5,8000,1000,0.5,30,256220.0,256220.0,756938.4617,129215.5506,879649.4623,97737.4194,491588.3462,54620.4574,388048.4284,43116.962,2.0,3489630.0,2044260.0,1262.7266,9706.199999999999
Model_E_profile_5/Model E profile 5.xlsx,6,Model E,5,8000,1000,0.5,40,255300.0,255300.0,1009249.8725,102436.0898,910510.1265,101167.3219,508797.068,56532.0677,401713.0585,44635.2542,1.333333333333333,5086200.0,3306360.0,1262.7266,10047.1
Model_E_profile_6/Model E profile 6.xlsx,3,Model E,6,60000,200,0.9,10,258060.0,258060.0,135449.4302,11389.3064,1266458.7274,140719.0461,130716.926,14523.1631,1135741.8014,126191.6538,15.66666666666667,898410.0,387900.0,1007.2769,2089.5
Model_E_profile_6/Model E profile 6.xlsx,4,Model E,6,60000,200,0.9,20,257140.0,257140.0,270898.8603,1294.1432,1550227.1233,172247.9281,160008.5472,17779.6673,1390222.8053,154468.2608,12.0,1812750.0,504570.0,1013.8777,2557.1
Model_E_profile_6/Model E profile 6.xlsx,5,Model E,6,60000,200,0.9,30,256220.0,256220.0,406348.2905,875.4498,1549901.4729,172209.865,159966.2549,17775.4381,1389926.7595,154434.427,12.0,2771670.0,504270.0,1013.8777,2557.1
Model_E_profile_6/Model E profile 6.xlsx,6,Model E,6,60000,200,0.9,40,255300.0,255300.0,541797.7207,752.8023,1549292.4643,172142.1974,159907.0458,17766.9796,1389381.1893,154375.2178,12.0,3732300.0,504060.0,1013.8777,2555.7
Model_E_profile_7/Model E profile 7.xlsx,3,Model E,7,17000,3500,0.7,10,258060.0,258060.0,227519.6864,51448.5377,341442.3547,37936.1598,143607.6077,15956.8708,197813.6009,21979.289,15.0,633780.0,340860.0,1265.3669,1654.1
Model_E_profile_7/Model E profile 7.xlsx,4,Model E,7,17000,3500,0.7,20,257140.0,257140.0,455039.3727,62245.7524,520672.7354,57851.5863,219044.3169,24339.1973,301594.5847,33512.3891,4.666666666666668,1670580.0,1146360.0,1262.7266,2522.1
Model_E_profile_7/Model E profile 7.xlsx,5,Model E,7,17000,3500,0.7,30,256220.0,256220.0,682559.0591,53237.5005,537547.3483,59729.3628,226145.1878,25125.8333,311347.1805,34595.071,3.0,3082860.0,1772310.0,1262.0665,2604.0
Model_E_profile_7/Model E profile 7.xlsx,6,Model E,7,17000,3500,0.7,40,255300.0,255300.0,910082.9746,49173.214,542326.374,60258.0161,228145.6118,25349.9823,314104.636,34899.5753,2.333333333333334,4529820.0,2181870.0,1262.0665,2627.1
Model_F_profile_1/Model F profile 1.xlsx,3,Model F,1,10000,333,0.5,10,557952.0,557952.0,159915.5042,47367.3344,287397.0721,23950.1084,148538.8855,12378.9453,138849.7281,11571.1631,9.000000000000002,987300.0,561420.0,1206.62,2762.2
Model_F_profile_1/Model F profile 1.xlsx,4,Model F,1,10000,333,0.5,20,556800.0,556800.0,275221.1296,67972.1248,484830.0426,40401.7987,250598.5742,20883.9194,234223.01,19517.8793,5.0,1668030.0,978870.0,1099.6876,4659.900000000001
Model_F_profile_1/Model F profile 1.xlsx,5,Model F,1,10000,333,0.5,30,555648.0,555648.0,363205.9532,83366.5085,634104.8135,52839.9532,327752.3493,27312.3433,306352.4643,25527.6098,3.666666666666667,2205030.0,1375500.0,967.0122,6094.2
Model_F_profile_1/Model F profile 1.xlsx,6,Model F,1,10000,333,0.5,40,554496.0,554496.0,432810.5594,85278.1188,740089.2242,61674.8069,382567.3511,31879.9077,357521.8731,29794.8992,3.333333333333334,2576100.0,1483440.0,899.6844,7112.7
Model_F_profile_2/Model F profile 2.xlsx,3,Model F,2,10000,4000,0.0,10,557952.0,557952.0,165992.9024,66673.7524,116434.8288,9701.8451,116434.8288,9701.8451,0.0,0.0,34.66666666666667,586260.0,287520.0,1051.502,826.0
Model_F_profile_3/Model F profile 3.xlsx,3,Model F,3,3200,400,0.5,10,557952.0,557952.0,167299.7333,46580.6983,232856.9699,19403.6902,129896.4561,10822.5901,102960.5139,8581.1001,2.666666666666667,758040.0,579450.0,1122.7903,6423.2
Model_F_profile_3/Model F profile 3.xlsx,4,Model F,3,3200,400,0.5,20,556800.0,556800.0,291930.8026,76447.4943,398587.6603,33216.3432,222309.2796,18524.0111,176278.3807,14688.1029,2.666666666666667,1254960.0,602070.0,1027.0792,10995.6
Model_F_profile_3/Model F profile 3.xlsx,5,Model F,3,3200,400,0.5,30,555648.0,555648.0,389515.9699,95588.9725,520325.9388,43362.2571,290323.6967,24195.4036,230002.2422,19166.8535,1.666666666666667,1705320.0,897690.0,917.5065,14353.5
Model_F_profile_3/Model F profile 3.xlsx,6,Model F,3,3200,400,0.5,40,554496.0,554496.0,468797.0458,96828.1358,588716.7571,49059.0249,328555.9023,27380.011,260232.7517,21687.4724,1.333333333333333,2045760.0,1159920.0,855.4593,16240.0
Model_F_profile_4/Model F profile 4.xlsx,3,Model F,4,1000,1000,0.5,10,557952.0,557952.0,169600.4324,63531.4372,123180.4447,10264.3322,92438.1989,7701.4211,30746.4751,2562.9111,3.666666666666667,231420.0,137250.0,1139.2922,6116.599999999999
Model_F_profile_4/Model F profile 4.xlsx,4,Model F,4,1000,1000,0.5,20,556800.0,556800.0,297390.7338,86162.0271,178008.1343,14836.1258,133609.7167,11135.5528,44385.7298,3700.573,1.0,573120.0,553710.0,1044.2412,8838.9
Model_F_profile_4/Model F profile 4.xlsx,5,Model F,4,1000,1000,0.5,30,555648.0,555648.0,398101.2993,73355.9299,165045.5557,13753.4439,123882.4963,10323.5414,41154.601,3429.9025,0.3333333333333334,1440900.0,1328040.0,937.3088,8195.6
Model_F_profile_4/Model F profile 4.xlsx,6,Model F,4,1000,1000,0.5,40,554496.0,554496.0,480457.0227,65975.93,154578.2206,12882.2233,116020.3646,9668.0113,38549.3976,3214.212,0.3333333333333334,2007990.0,1795680.0,872.6213,7675.5
Model_F_profile_5/Model F profile 5.xlsx,3,Model F,5,8000,1000,0.5,10,557952.0,557952.0,165307.7677,43264.9849,225603.8468,18798.9108,125861.7742,10488.4812,99737.8434,8310.4296,7.0,735030.0,565500.0,1083.8458,2489.2
Model_F_profile_5/Model F profile 5.xlsx,4,Model F,5,8000,1000,0.5,20,556800.0,556800.0,287384.3844,69579.2308,381932.9672,31829.157,213224.9015,17766.9796,168720.7533,14062.1774,7.0,1205370.0,577860.0,982.8541,4214.7
Model_F_profile_5/Model F profile 5.xlsx,5,Model F,5,8000,1000,0.5,30,555648.0,555648.0,382322.056,85920.9612,494730.6614,41226.4978,276379.9376,23032.3663,218350.7238,18194.1315,4.666666666666668,1623420.0,875370.0,869.3209,5459.3
Model_F_profile_5/Model F profile 5.xlsx,6,Model F,5,8000,1000,0.5,40,554496.0,554496.0,458913.344,86030.9211,554240.1044,46187.3802,309748.533,25810.968,244495.8007,20376.4122,3.666666666666667,1928010.0,1095990.0,805.2935,6115.900000000001
Model_F_profile_6/Model F profile 6.xlsx,3,Model F,6,60000,200,0.9,10,557952.0,557952.0,123108.5479,16231.7705,1167198.7865,97267.9753,120473.7399,10040.1832,1046725.0466,87227.7921,17.0,826500.0,350610.0,984.8343,1925.7
Model_F_profile_6/Model F profile 6.xlsx,4,Model F,6,60000,200,0.9,20,556800.0,556800.0,196037.3259,10370.0628,1792654.8323,149388.96,185028.6499,15419.759,1607621.9532,133969.201,9.000000000000002,1285050.0,678390.0,872.6213,2957.5
Model_F_profile_6/Model F profile 6.xlsx,5,Model F,6,60000,200,0.9,30,555648.0,555648.0,245049.8293,13423.5642,2244725.2882,187058.6785,231761.6003,19314.8764,2012959.4586,167748.0313,8.666666666666668,1596390.0,695550.0,710.2424,3703.0
Model_F_profile_6/Model F profile 6.xlsx,6,Model F,6,60000,200,0.9,40,554496.0,554496.0,280549.9547,13157.123,2544526.6809,212044.9474,262808.3505,21898.9337,2281718.3305,190141.7845,9.666666666666666,1804770.0,624150.0,650.1755,4197.900000000001
Model_F_profile_7/Model F profile 7.xlsx,3,Model F,7,17000,3500,0.7,10,557952.0,557952.0,158109.6246,43611.7814,259721.0153,21645.1801,109173.2473,9097.0657,150522.3926,12543.8852,20.66666666666667,467220.0,246960.0,1128.0709,1257.9
Model_F_profile_7/Model F profile 7.xlsx,4,Model F,7,17000,3500,0.7,20,556800.0,556800.0,270920.0065,63332.6636,412785.1729,34400.5266,173707.0111,14476.6416,239078.1618,19923.885,15.0,738030.0,339210.0,1017.8381,1999.9
Model_F_profile_7/Model F profile 7.xlsx,5,Model F,7,17000,3500,0.7,30,555648.0,555648.0,356401.1281,53487.0248,430154.6053,35846.922,181196.9709,15098.3378,248957.6344,20744.3549,5.333333333333334,1271760.0,1022100.0,879.222,2083.9
Model_F_profile_7/Model F profile 7.xlsx,6,Model F,7,17000,3500,0.7,40,554496.0,554496.0,423002.9836,43992.4118,406411.7289,33867.6441,171190.6215,14265.1803,235221.1074,19602.4638,4.0,1654560.0,1333200.0,812.5543,1969.1
Model_G_profile_1/Model G profile 1.xlsx,3,Model G,1,10000,333,0.5,10,239616.0,239616.0,152806.1748,47625.3172,276033.141,69008.2853,142651.8025,35665.0652,133381.3385,33343.22,6.333333333333334,951900.0,811140.0,1737.3216,2653.0
Model_G_profile_1/Model G profile 1.xlsx,4,Model G,1,10000,333,0.5,20,238080.0,238080.0,254903.9265,74637.3854,457576.9085,114392.1125,236494.1045,59124.5834,221074.3455,55267.5291,4.666666666666668,1573890.0,1056930.0,1576.2629,4397.400000000001
Model_G_profile_1/Model G profile 1.xlsx,5,Model G,1,10000,333,0.5,30,192000.0,192000.0,326847.2948,73381.3052,569038.1672,142258.4845,294108.8542,73529.3282,274912.3961,68729.1563,5.0,1951830.0,1007370.0,1438.3069,5469.099999999999
Model_G_profile_1/Model G profile 1.xlsx,6,Model G,1,10000,333,0.5,40,190464.0,190464.0,384216.7494,80207.2765,662457.5465,165612.272,342393.9307,85599.54,320063.6159,80016.9613,3.0,2309460.0,1631310.0,1330.7144,6366.5
Model_G_profile_2/Model G profile 2.xlsx,3,Model G,2,10000,4000,0.0,10,239616.0,239616.0,155969.6361,76447.4943,120236.9032,30057.1112,120236.9032,30057.1112,0.0,0.0,25.66666666666667,616260.0,391920.0,1559.101,852.6
Model_G_profile_3/Model G profile 3.xlsx,3,Model G,3,3200,400,0.5,10,239616.0,239616.0,156675.9169,56806.9674,235047.7091,58760.87,131072.181,32768.0452,103975.5282,25992.8247,3.0,743760.0,520200.0,1627.0888,6484.099999999999
Model_G_profile_3/Model G profile 3.xlsx,4,Model G,3,3200,400,0.5,20,238080.0,238080.0,263802.2186,77948.8696,373982.0218,93495.5054,208551.6065,52137.9016,165430.4153,41357.6038,2.0,1210950.0,826110.0,1464.0499,10316.6
Model_G_profile_3/Model G profile 3.xlsx,5,Model G,3,3200,400,0.5,30,192000.0,192000.0,342097.8848,90573.1101,468699.7736,117174.9434,261429.6227,65358.463,207270.1509,51816.4804,2.0,1511250.0,858720.0,1333.3548,12929.7
Model_G_profile_3/Model G profile 3.xlsx,6,Model G,3,3200,400,0.5,40,190464.0,190464.0,403869.9639,102474.1528,545692.8381,136422.1522,304394.3325,76096.4685,241298.5056,60325.6837,2.0,1732350.0,827010.0,1228.4026,15053.5
Model_G_profile_4/Model G profile 4.xlsx,3,Model G,4,1000,1000,0.5,10,239616.0,239616.0,157855.871,72256.331,132108.3414,33026.028,99137.2933,24783.266,32975.2773,8242.762,3.666666666666667,249390.0,135600.0,1641.6105,6559.7
Model_G_profile_4/Model G profile 4.xlsx,4,Model G,4,1000,1000,0.5,20,238080.0,238080.0,266301.6914,105908.2846,201899.0335,50475.8157,151545.8654,37885.409,50353.1681,12590.4066,2.0,394170.0,261210.0,1482.5321,10025.4
Model_G_profile_4/Model G profile 4.xlsx,5,Model G,4,1000,1000,0.5,30,192000.0,192000.0,346589.3231,113554.7257,227913.0044,56976.1365,171063.7447,42765.9362,56811.1967,14201.7419,1.0,623610.0,591780.0,1351.1768,11316.9
Model_G_profile_4/Model G profile 4.xlsx,6,Model G,4,1000,1000,0.5,40,190464.0,190464.0,409744.3592,101171.5511,216181.1307,54045.2827,162275.4125,40570.9677,53897.2598,13474.3149,0.6666666666666667,1042740.0,989490.0,1245.5646,10734.5
Model_G_profile_5/Model G profile 5.xlsx,3,Model G,5,8000,1000,0.5,10,239616.0,239616.0,155660.9026,53753.4661,230458.9986,57614.7497,128576.9375,32142.1198,101882.0612,25472.6299,7.666666666666668,729750.0,515160.0,1589.4645,2543.1
Model_G_profile_5/Model G profile 5.xlsx,4,Model G,5,8000,1000,0.5,20,238080.0,238080.0,261404.2473,73317.8668,364495.8672,91122.9095,203421.555,50856.4461,161074.3122,40266.4634,5.0,1183200.0,810990.0,1425.7655,4022.2
Model_G_profile_5/Model G profile 5.xlsx,5,Model G,5,8000,1000,0.5,30,192000.0,192000.0,338012.4522,84521.0873,454185.069,113546.2672,253529.428,63383.4143,200638.7241,50158.6237,4.666666666666668,1464390.0,832350.0,1291.1099,5011.3
Model_G_profile_5/Model G profile 5.xlsx,6,Model G,5,8000,1000,0.5,40,190464.0,190464.0,398596.1187,95221.0298,527278.7868,131820.754,294383.7539,73596.9958,232895.033,58223.7582,5.0,1675260.0,800910.0,1186.8177,5818.400000000001
Model_G_profile_6/Model G profile 6.xlsx,3,Model G,6,60000,200,0.9,10,239616.0,239616.0,130585.8199,30509.6384,1251944.0228,312988.1203,129181.7168,32294.3719,1122762.306,280689.5192,10.33333333333333,890670.0,574680.0,1506.2948,2065.0
Model_G_profile_6/Model G profile 6.xlsx,4,Model G,6,60000,200,0.9,20,238080.0,238080.0,206876.8329,23692.1256,1954130.921,488530.6156,201696.0307,50425.065,1752430.6611,438109.7799,9.666666666666666,1385520.0,623940.0,1355.7974,3223.5
Model_G_profile_6/Model G profile 6.xlsx,5,Model G,6,60000,200,0.9,30,192000.0,192000.0,249811.9381,6783.679,2162115.8112,540528.9528,223235.4801,55808.87,1938884.5603,484720.0828,7.333333333333334,1663500.0,817890.0,1215.8611,3566.5
Model_G_profile_6/Model G profile 6.xlsx,6,Model G,6,60000,200,0.9,40,190464.0,190464.0,286707.7082,3577.9254,2198922.7675,549731.7492,227046.013,56760.4459,1971876.7545,492971.3032,6.333333333333334,1888020.0,949170.0,1118.1698,3627.400000000001
Model_G_profile_7/Model G profile 7.xlsx,3,Model G,7,17000,3500,0.7,10,239616.0,239616.0,151837.682,53795.7583,275631.3646,68906.7838,115804.6741,28949.0539,159809.7736,39953.5007,16.33333333333334,500220.0,310350.0,1662.0729,1335.6
Model_G_profile_7/Model G profile 7.xlsx,4,Model G,7,17000,3500,0.7,20,238080.0,238080.0,252810.4595,77229.9012,433208.1066,108302.0267,182118.9422,45531.8502,251097.6229,62774.4057,15.33333333333334,762960.0,335130.0,1497.7138,2098.6
Model_G_profile_7/Model G profile 7.xlsx,5,Model G,7,17000,3500,0.7,30,192000.0,192000.0,322994.4697,52180.1939,407325.2418,101831.3104,171249.8307,42812.4577,236075.4111,59018.8528,5.666666666666668,1195080.0,942000.0,1357.1175,1973.3
Model_G_profile_7/Model G profile 7.xlsx,6,Model G,7,17000,3500,0.7,40,190464.0,190464.0,379348.9099,43078.8989,386673.9298,96667.4252,162617.9798,40655.5523,224055.95,56011.8729,4.333333333333334,1573260.0,1305840.0,1251.5053,1873.2
Model_H_profile_1/Model H profile 1.xlsx,3,Model H,1,10000,333,0.5,10,280224.0,280224.0,137297.6021,32184.412,240368.0758,34337.0882,124220.8344,17745.8335,116147.2414,16591.2547,6.333333333333334,845040.0,807330.0,1312.8924,2310.0
Model_H_profile_1/Model H profile 1.xlsx,4,Model H,1,10000,333,0.5,20,277920.0,277920.0,231909.6232,53863.4259,405515.1329,57931.9416,209583.5377,29938.6929,195923.1368,27989.0195,4.333333333333334,1407540.0,1152840.0,1184.8375,3897.599999999999
Model_H_profile_1/Model H profile 1.xlsx,5,Model H,1,10000,333,0.5,30,275616.0,275616.0,302846.4357,66542.6463,525768.9531,75111.0588,271744.7056,38820.0681,254024.2475,36290.9907,3.666666666666667,1833960.0,1386690.0,1019.8184,5053.3
Model_H_profile_1/Model H profile 1.xlsx,6,Model H,1,10000,333,0.5,40,273312.0,273312.0,357868.6696,75479.0015,617843.4385,88263.9525,319365.7935,45624.8931,298481.8742,42639.0594,3.666666666666667,2135490.0,1323330.0,945.2297,5938.099999999999
Model_H_profile_2/Model H profile 2.xlsx,3,Model H,2,10000,4000,0.0,10,280224.0,280224.0,140854.3814,60389.1221,102017.3964,14573.9138,102017.3964,14573.9138,0.0,0.0,39.33333333333334,516840.0,254100.0,1147.8732,723.8000000000001
Model_H_profile_3/Model H profile 3.xlsx,3,Model H,3,3200,400,0.5,10,280224.0,280224.0,141450.7023,38904.6526,196202.2657,28027.0826,109410.0839,15631.2203,86792.1818,12400.0915,3.0,642270.0,560520.0,1224.4421,5412.400000000001
Model_H_profile_3/Model H profile 3.xlsx,4,Model H,3,3200,400,0.5,20,277920.0,277920.0,242144.3508,61044.6522,326517.4152,46644.1367,182114.713,26018.2001,144402.7022,20630.1658,2.666666666666667,1040550.0,596070.0,1102.988,9007.6
Model_H_profile_3/Model H profile 3.xlsx,5,Model H,3,3200,400,0.5,30,275616.0,275616.0,319251.6044,80938.9326,431258.4333,61607.1393,240554.1618,34366.6928,190704.2716,27244.6757,2.333333333333334,1353450.0,661440.0,966.3522,11896.5
Model_H_profile_3/Model H profile 3.xlsx,6,Model H,3,3200,400,0.5,40,273312.0,273312.0,380600.7609,86513.0528,495140.8963,70733.8096,276257.29,39467.1397,218883.6063,31270.8991,2.0,1562040.0,741180.0,893.7437,13659.1
Model_H_profile_4/Model H profile 4.xlsx,3,Model H,4,1000,1000,0.5,10,280224.0,280224.0,142875.9515,52197.1108,101894.7488,14556.9969,76460.182,10924.0915,25430.3376,3632.9054,4.666666666666668,189690.0,112170.0,1242.9243,5059.599999999999
Model_H_profile_4/Model H profile 4.xlsx,4,Model H,4,1000,1000,0.5,20,277920.0,277920.0,245553.1072,80714.7836,161873.636,23125.4093,121497.2127,17356.7447,40384.8818,5768.6647,3.333333333333334,317850.0,160710.0,1125.4306,8038.099999999999
Model_H_profile_4/Model H profile 4.xlsx,5,Model H,4,1000,1000,0.5,30,275616.0,275616.0,324483.1573,80697.8667,172184.4897,24597.1801,129249.3844,18464.802,42930.876,6132.3781,0.6666666666666667,808650.0,801900.0,992.0951,8549.800000000001
Model_H_profile_4/Model H profile 4.xlsx,6,Model H,4,1000,1000,0.5,40,273312.0,273312.0,387984.99,71816.4915,161450.7134,23066.2001,121196.9376,17314.4524,40253.7758,5751.7477,0.3333333333333334,1249500.0,1234080.0,918.1666,8017.099999999999
Model_H_profile_5/Model H profile 5.xlsx,3,Model H,5,8000,1000,0.5,10,280224.0,280224.0,140338.4158,40926.2227,198084.2714,28297.7531,110509.6828,15787.7017,87574.5886,12510.0513,13.0,627060.0,309510.0,1182.8573,2185.4
Model_H_profile_5/Model H profile 5.xlsx,4,Model H,5,8000,1000,0.5,20,277920.0,277920.0,239298.0816,59116.125,320241.2434,45747.5407,178760.9365,25536.0683,141505.6822,20215.7016,6.333333333333334,1029240.0,631590.0,1058.7629,3533.6
Model_H_profile_5/Model H profile 5.xlsx,5,Model H,5,8000,1000,0.5,30,275616.0,275616.0,314806.6876,76498.245,418875.2588,59839.3227,233859.2966,33406.6584,185015.9622,26432.6643,5.666666666666668,1343550.0,713010.0,916.8464,4622.099999999999
Model_H_profile_5/Model H profile 5.xlsx,6,Model H,5,8000,1000,0.5,40,273312.0,273312.0,374286.5261,81581.775,479048.6903,68437.3397,267604.2931,38227.9764,211452.8557,30209.3633,5.0,1539210.0,806760.0,846.8783,5285.7
Model_H_profile_6/Model H profile 6.xlsx,3,Model H,6,60000,200,0.9,10,280224.0,280224.0,114582.4277,20376.4122,1093652.5415,156236.0774,112848.4449,16121.8106,980799.8673,140114.2668,11.0,774180.0,544890.0,1020.4784,1803.9
Model_H_profile_6/Model H profile 6.xlsx,4,Model H,6,60000,200,0.9,20,277920.0,277920.0,179564.4895,11613.4554,1659937.4823,237132.7177,171330.186,24474.5325,1488603.0671,212658.1852,10.33333333333333,1178370.0,582810.0,911.5658,2738.4
Model_H_profile_6/Model H profile 6.xlsx,5,Model H,6,60000,200,0.9,30,275616.0,275616.0,222630.7008,16202.1659,2069390.0249,295627.1464,213588.615,30513.8676,1855805.6392,265113.2788,6.0,1469520.0,1025490.0,712.8827,3413.9
Model_H_profile_6/Model H profile 6.xlsx,6,Model H,6,60000,200,0.9,40,273312.0,273312.0,253381.4051,7329.2491,2208485.0481,315496.0515,227951.0674,32565.0424,1980533.9807,282935.2383,4.333333333333334,1642440.0,1366770.0,658.7565,3643.5
Model_H_profile_7/Model H profile 7.xlsx,3,Model H,7,17000,3500,0.7,10,280224.0,280224.0,136299.5047,41928.5494,234307.5945,33474.326,98460.6171,14066.4066,135851.2067,19407.9194,23.33333333333333,418890.0,218940.0,1223.782,1135.4
Model_H_profile_7/Model H profile 7.xlsx,4,Model H,7,17000,3500,0.7,20,277920.0,277920.0,229511.6519,59391.0247,366437.0821,52349.3629,154129.9227,22017.352,212324.0763,30332.0109,16.33333333333334,648930.0,313620.0,1096.3873,1775.2
Model_H_profile_7/Model H profile 7.xlsx,5,Model H,7,17000,3500,0.7,30,275616.0,275616.0,298862.5045,56603.9646,410213.8033,58600.1594,172683.5384,24669.0769,237534.4942,33935.3117,7.0,1051560.0,714930.0,924.7673,1987.3
Model_H_profile_7/Model H profile 7.xlsx,6,Model H,7,17000,3500,0.7,40,273312.0,273312.0,352383.3631,45307.7012,388065.3453,55436.6981,163358.0944,23336.8706,224707.2509,32099.8275,4.666666666666668,1354980.0,1196130.0,854.1391,1880.2
Model_I_profile_1/Model I profile 1.xlsx,3,Model I,1,10000,333,0.5,10,375130.0,375130.0,152949.9685,38625.5236,270196.8088,90065.6029,139627.9057,46542.6352,130560.4446,43518.7385,5.666666666666668,945180.0,883230.0,1512.2355,2597.0
Model_I_profile_1/Model I profile 1.xlsx,4,Model I,1,10000,333,0.5,20,374210.0,374210.0,252472.1214,75842.7149,454392.3011,151465.5101,234844.7063,78282.9785,219543.3656,73182.5316,4.0,1572540.0,1237320.0,1365.6985,4367.3
Model_I_profile_1/Model I profile 1.xlsx,5,Model I,1,10000,333,0.5,30,373290.0,373290.0,328374.0455,93673.1329,587862.4534,195952.7414,303840.3039,101281.511,284022.1495,94675.4596,3.333333333333334,2035500.0,1434300.0,1184.1774,5649.7
Model_I_profile_1/Model I profile 1.xlsx,6,Model I,1,10000,333,0.5,40,372370.0,372370.0,385181.013,92691.9524,676447.8271,225481.1993,349625.9076,116540.5595,326800.7733,108932.1814,4.0,2325240.0,1280040.0,1101.6679,6500.900000000001
Model_I_profile_2/Model I profile 2.xlsx,3,Model I,2,10000,4000,0.0,10,375130.0,375130.0,156832.3983,79911.2306,123002.8172,41002.3488,123002.8172,41002.3488,0.0,0.0,31.33333333333333,624720.0,318840.0,1356.4574,872.1999999999999
Model_I_profile_3/Model I profile 3.xlsx,3,Model I,3,3200,400,0.5,10,375130.0,375130.0,157674.0143,60012.721,239382.6661,79792.8123,133529.3614,44508.3774,105865.9923,35288.6641,4.333333333333334,750510.0,372180.0,1436.9868,6603.8
Model_I_profile_3/Model I profile 3.xlsx,4,Model I,3,3200,400,0.5,20,374210.0,374210.0,262871.7889,84284.2506,381493.1276,127164.3759,212776.6035,70924.1248,168716.5241,56240.2511,2.333333333333334,1217790.0,695370.0,1289.7897,10523.8
Model_I_profile_3/Model I profile 3.xlsx,5,Model I,3,3200,400,0.5,30,373290.0,373290.0,344677.7128,111693.8661,501658.134,167219.378,279822.5278,93275.5857,221835.6062,73943.7923,2.0,1577070.0,746610.0,1133.3515,13839.0
Model_I_profile_3/Model I profile 3.xlsx,6,Model I,3,3200,400,0.5,40,372370.0,372370.0,406978.4452,119133.0752,575030.9808,191676.9936,320841.7935,106948.6742,254197.6457,84732.5486,2.0,1815420.0,818160.0,1049.5218,15862.7
Model_I_profile_4/Model I profile 4.xlsx,3,Model I,4,1000,1000,0.5,10,375130.0,375130.0,159154.2435,75775.0473,136815.4703,45603.747,102668.6972,34222.8991,34151.0022,11385.0772,3.666666666666667,254670.0,142710.0,1455.4689,6793.5
Model_I_profile_4/Model I profile 4.xlsx,4,Model I,4,1000,1000,0.5,20,374210.0,374210.0,265777.2673,111156.7544,208843.4231,69613.0646,156752.043,52252.0907,52057.5463,17352.5154,2.333333333333334,400890.0,235020.0,1310.2521,10369.8
Model_I_profile_4/Model I profile 4.xlsx,5,Model I,4,1000,1000,0.5,30,373290.0,373290.0,349575.1569,96126.0842,200875.5608,66957.1105,150788.8339,50264.3544,50086.7269,16696.9854,0.6666666666666667,1047120.0,1026360.0,1153.8139,9974.300000000001
Model_I_profile_4/Model I profile 4.xlsx,6,Model I,4,1000,1000,0.5,40,372370.0,372370.0,413136.1987,85201.9927,188204.7988,62736.3427,141273.0748,47092.4347,46935.9533,15643.908,0.3333333333333334,1530000.0,1486560.0,1069.3241,9345.0
Model_I_profile_5/Model I profile 5.xlsx,3,Model I,5,8000,1000,0.5,10,375130.0,375130.0,156388.3295,56206.4173,233977.7149,77991.1619,130535.0692,43510.28,103442.6457,34480.8819,11.0,735540.0,367560.0,1392.7616,2581.6
Model_I_profile_5/Model I profile 5.xlsx,4,Model I,5,8000,1000,0.5,20,374210.0,374210.0,260012.8319,79771.6662,372281.8728,124093.9576,207836.8672,69278.9557,164445.0056,54815.0019,5.666666666666668,1190790.0,704370.0,1244.9045,4107.599999999999
Model_I_profile_5/Model I profile 5.xlsx,5,Model I,5,8000,1000,0.5,30,373290.0,373290.0,340283.5467,102203.4824,484216.8048,161404.1919,270319.4563,90107.8952,213859.2855,71287.8382,5.333333333333334,1524660.0,748770.0,1083.1857,5343.099999999999
Model_I_profile_5/Model I profile 5.xlsx,6,Model I,5,8000,1000,0.5,40,372370.0,372370.0,400947.5685,111964.5366,557805.3422,185933.7043,311588.2464,103861.3391,246217.0958,82072.3653,4.666666666666668,1782810.0,863400.0,1001.3362,6155.099999999999
Model_I_profile_6/Model I profile 6.xlsx,3,Model I,6,60000,200,0.9,10,375130.0,375130.0,125777.1897,24225.0081,1202275.9893,400757.2534,124047.4361,41349.1454,1078224.324,359408.108,10.33333333333333,851010.0,581010.0,1220.4817,1983.1
Model_I_profile_6/Model I profile 6.xlsx,4,Model I,6,60000,200,0.9,20,374210.0,374210.0,194675.515,12645.3866,1800030.6029,600008.7912,185789.9106,61928.5605,1614240.6923,538080.2308,10.0,1276200.0,604200.0,1092.4268,2969.4
Model_I_profile_6/Model I profile 6.xlsx,5,Model I,6,60000,200,0.9,30,373290.0,373290.0,241484.5915,20410.246,2258356.0845,752785.3615,233098.0358,77699.3453,2025258.0487,675086.0162,6.0,1603440.0,996180.0,879.222,3725.400000000001
Model_I_profile_6/Model I profile 6.xlsx,6,Model I,6,60000,200,0.9,40,372370.0,372370.0,274261.0952,9600.3437,2434177.7087,811393.9793,251245.6458,83747.1389,2182932.0629,727642.6112,4.666666666666668,1785690.0,1281660.0,812.5543,4015.2
Model_I_profile_7/Model I profile 7.xlsx,3,Model I,7,17000,3500,0.7,10,375130.0,375130.0,151757.3267,56595.5061,280588.0178,93529.3393,117910.8288,39302.1998,162689.8767,54231.3686,18.0,511050.0,285390.0,1423.7853,1359.4
Model_I_profile_7/Model I profile 7.xlsx,4,Model I,7,17000,3500,0.7,20,374210.0,374210.0,249845.7719,78177.2478,431990.0895,143996.6965,181721.3949,60575.2081,250298.2991,83434.1761,13.33333333333334,766560.0,387600.0,1279.2285,2093.0
Model_I_profile_7/Model I profile 7.xlsx,5,Model I,7,17000,3500,0.7,30,373290.0,373290.0,324259.0084,82808.2506,513960.9533,171321.7275,216485.635,72163.2881,297500.6937,99166.8979,7.333333333333334,1122780.0,692730.0,1089.7865,2489.9
Model_I_profile_7/Model I profile 7.xlsx,6,Model I,7,17000,3500,0.7,40,372370.0,372370.0,379568.8297,65646.0504,496079.7846,165358.5184,208961.8414,69655.3569,287113.7139,95703.1616,4.333333333333334,1422300.0,1217190.0,1011.2374,2403.1
Model_J_profile_1/Model J profile 1.xlsx,3,Model J,1,10000,333,0.5,10,361920.0,361920.0,138879.3327,44000.8702,251245.6458,19327.5641,129854.1638,9989.4325,121387.2528,9338.1316,11.0,863670.0,447900.0,1217.1813,2415.0
Model_J_profile_1/Model J profile 1.xlsx,4,Model J,1,10000,333,0.5,20,360180.0,360180.0,247858.0355,64842.4974,439568.863,33812.6641,227194.0359,17475.163,212374.827,16337.5011,6.666666666666668,1507140.0,762390.0,1132.6915,4224.5
Model_J_profile_1/Model J profile 1.xlsx,5,Model J,1,10000,333,0.5,30,357860.0,357860.0,336143.1342,87578.8179,595834.5449,45832.1252,307972.2579,23692.1256,287853.8285,22144.2288,4.666666666666668,2041650.0,1047690.0,1013.2176,5726.7
Model_J_profile_1/Model J profile 1.xlsx,6,Model J,1,10000,333,0.5,40,355540.0,355540.0,407989.2303,105523.425,722470.2675,55576.2626,373491.4315,28729.1341,349012.6698,26847.1284,4.333333333333334,2479860.0,1196670.0,954.4708,6943.3
Model_J_profile_2/Model J profile 2.xlsx,3,Model J,2,10000,4000,0.0,10,361920.0,361920.0,139835.1378,69663.8153,108585.3848,8352.7219,108585.3848,8352.7219,0.0,0.0,35.66666666666667,556620.0,279450.0,1202.6596,770.0
Model_J_profile_3/Model J profile 3.xlsx,3,Model J,3,3200,400,0.5,10,361920.0,361920.0,139966.2438,41531.0021,198638.3001,15280.1946,110788.8117,8521.891,87849.4884,6758.3036,5.0,630450.0,319740.0,1165.0352,5479.599999999999
Model_J_profile_3/Model J profile 3.xlsx,4,Model J,3,3200,400,0.5,20,360180.0,360180.0,250941.1415,70814.1649,350763.5695,26982.4637,195648.2371,15051.8163,155115.3324,11930.6473,3.333333333333334,1105290.0,494550.0,1083.8458,9676.1
Model_J_profile_3/Model J profile 3.xlsx,5,Model J,3,3200,400,0.5,30,357860.0,357860.0,341137.8504,97657.0641,478752.6445,36828.1025,267130.6197,20549.8105,211685.4631,16282.5212,2.333333333333334,1512060.0,652950.0,982.194,13206.9
Model_J_profile_3/Model J profile 3.xlsx,6,Model J,3,3200,400,0.5,40,355540.0,355540.0,415166.2273,106318.5195,562520.9295,43269.2141,313859.3409,24144.6529,248657.3593,19128.7905,2.0,1799880.0,853650.0,922.7871,15517.6
Model_J_profile_4/Model J profile 4.xlsx,3,Model J,4,1000,1000,0.5,10,361920.0,361920.0,140359.5619,58680.5147,110310.9091,8483.8279,82761.7291,6364.9856,27528.0339,2118.8424,3.333333333333334,211440.0,162990.0,1263.3866,5477.5
Model_J_profile_4/Model J profile 4.xlsx,4,Model J,4,1000,1000,0.5,20,360180.0,360180.0,251588.2131,93051.4367,181006.6557,13922.6129,135855.4359,10450.4181,45146.9906,3472.1948,1.666666666666667,402720.0,316020.0,1186.1577,8988.0
Model_J_profile_4/Model J profile 4.xlsx,5,Model J,4,1000,1000,0.5,30,357860.0,357860.0,342212.0739,87709.9239,186001.3719,14307.4725,139632.135,10742.2348,46373.4662,3565.2378,0.6666666666666667,1047870.0,1006290.0,1066.0237,9235.800000000001
Model_J_profile_4/Model J profile 4.xlsx,6,Model J,4,1000,1000,0.5,40,355540.0,355540.0,416832.5425,79010.4054,176988.8907,13613.8794,132844.2268,10217.8107,44131.9763,3396.0687,0.3333333333333334,1544640.0,1456020.0,1003.9765,8788.5
Model_J_profile_5/Model J profile 5.xlsx,3,Model J,5,8000,1000,0.5,10,361920.0,361920.0,139674.4272,47752.194,206246.6781,15863.8278,115064.5595,8851.7706,91182.1187,7012.0572,12.33333333333333,650070.0,325620.0,1223.782,2275.7
Model_J_profile_5/Model J profile 5.xlsx,4,Model J,5,8000,1000,0.5,20,360180.0,360180.0,250150.2762,72049.099,351558.664,27041.6729,196248.7872,15094.1086,155347.9398,11951.7935,5.333333333333334,1145220.0,748380.0,1141.9325,3879.400000000001
Model_J_profile_5/Model J profile 5.xlsx,5,Model J,5,8000,1000,0.5,30,357860.0,357860.0,339784.498,107333.5338,490395.7044,37724.6984,273880.4649,21065.7761,216502.5519,16654.6931,6.333333333333334,1547790.0,625320.0,1025.7591,5411.0
Model_J_profile_5/Model J profile 5.xlsx,6,Model J,5,8000,1000,0.5,40,355540.0,355540.0,413225.0124,120985.4763,583235.6798,44863.6324,325789.9883,25062.395,257416.0869,19801.2375,5.0,1854000.0,823470.0,967.6723,6435.8
Model_J_profile_6/Model J profile 6.xlsx,3,Model J,6,60000,200,0.9,10,361920.0,361920.0,116760.4792,18701.6386,1112231.5325,85557.2477,114764.2844,8826.3953,997479.9358,76730.8525,11.33333333333334,787950.0,528690.0,1177.5767,1834.7
Model_J_profile_6/Model J profile 6.xlsx,4,Model J,6,60000,200,0.9,20,360180.0,360180.0,193237.5781,16946.5097,1809584.4251,139200.7539,186783.7788,14366.6817,1622804.8756,124829.843,10.0,1280760.0,603540.0,1109.5888,2985.5
Model_J_profile_6/Model J profile 6.xlsx,5,Model J,6,60000,200,0.9,30,357860.0,357860.0,250480.1558,11609.2261,2271492.0613,174730.4839,234451.3882,18033.4209,2037040.6731,156697.063,6.333333333333334,1660020.0,979110.0,928.7278,3747.099999999999
Model_J_profile_6/Model J profile 6.xlsx,6,Model J,6,60000,200,0.9,40,355540.0,355540.0,291385.2325,22897.0311,2716330.5402,208949.1537,280461.141,21573.2833,2435877.8577,187375.8705,7.333333333333334,1919430.0,820530.0,883.1825,4480.7
Model_J_profile_7/Model J profile 7.xlsx,3,Model J,7,17000,3500,0.7,10,361920.0,361920.0,135504.4101,41945.4663,233499.8123,17961.524,98134.9667,7549.1689,135385.9918,10412.3551,20.66666666666667,426480.0,246300.0,1171.636,1131.2
Model_J_profile_7/Model J profile 7.xlsx,4,Model J,7,17000,3500,0.7,20,360180.0,360180.0,235851.2621,66259.2882,390036.1647,30002.1313,164132.0428,12624.2405,225904.1219,17377.8908,18.0,696120.0,283110.0,1088.4663,1889.3
Model_J_profile_7/Model J profile 7.xlsx,5,Model J,7,17000,3500,0.7,30,357860.0,357860.0,319649.1517,67270.0733,462554.7078,35580.4807,194840.4549,14988.3779,267743.8575,20596.332,6.333333333333334,1153020.0,800940.0,962.3917,2240.7
Model_J_profile_7/Model J profile 7.xlsx,6,Model J,7,17000,3500,0.7,40,355540.0,355540.0,388010.3653,54455.5176,450256.1178,34633.134,189659.6527,14590.8307,260596.4651,20046.5326,4.0,1604970.0,1352040.0,906.2852,2181.2
Model_K_profile_1/Model K profile 1.xlsx,3,Model K,1,10000,333,0.5,10,361728.0,361728.0,152395.9399,51600.7899,277407.6396,30822.6012,143370.771,15931.4954,134032.6394,14891.1057,10.33333333333333,950430.0,480300.0,1418.5046,2666.3
Model_K_profile_1/Model K profile 1.xlsx,4,Model K,1,10000,333,0.5,20,360192.0,360192.0,253859.3076,59407.9416,444301.3672,49367.7584,229634.2995,25514.9222,214667.0677,23852.8362,4.0,1568730.0,1307520.0,1281.8688,4270.0
Model_K_profile_1/Model K profile 1.xlsx,5,Model K,1,10000,333,0.5,30,358656.0,358656.0,326690.8135,77889.6605,573106.6829,63679.4601,296198.092,32911.8389,276908.5909,30767.6212,3.333333333333334,2023950.0,1528080.0,1112.2291,5508.3
Model_K_profile_1/Model K profile 1.xlsx,6,Model K,1,10000,333,0.5,40,357120.0,357120.0,381243.6033,95542.451,672768.4002,74751.5746,347735.4435,38638.2113,325032.9568,36113.3632,3.333333333333334,2336910.0,1448220.0,1027.7393,6465.900000000001
Model_K_profile_2/Model K profile 2.xlsx,3,Model K,2,10000,4000,0.0,10,361728.0,361728.0,150556.2265,76553.225,117974.2672,13106.3723,117974.2672,13106.3723,0.0,0.0,31.0,607440.0,322080.0,1269.9874,836.5
Model_K_profile_3/Model K profile 3.xlsx,3,Model K,3,3200,400,0.5,10,361728.0,361728.0,154472.49,56041.4775,231706.6204,25743.3004,129245.1552,14362.4525,102474.1528,11385.0772,4.0,733950.0,387570.0,1327.4141,6391.7
Model_K_profile_3/Model K profile 3.xlsx,4,Model K,3,3200,400,0.5,20,360192.0,360192.0,258629.8749,75724.2966,365561.6322,40617.4892,203903.6868,22655.9652,161653.7162,17961.524,2.0,1192380.0,771990.0,1190.1181,10084.2
Model_K_profile_3/Model K profile 3.xlsx,5,Model K,3,3200,400,0.5,30,358656.0,358656.0,334176.544,96164.1472,469845.8939,52205.5692,262097.8404,29122.4522,207764.9704,23083.1171,2.0,1500540.0,757800.0,1041.6009,12961.2
Model_K_profile_3/Model K profile 3.xlsx,6,Model K,3,3200,400,0.5,40,357120.0,357120.0,390717.0702,102550.2789,533664.9185,59297.9817,297754.4472,33085.2372,235914.7005,26212.7445,2.0,1693170.0,832800.0,956.451,14721.7
Model_K_profile_4/Model K profile 4.xlsx,3,Model K,4,1000,1000,0.5,10,361728.0,361728.0,155060.3524,68949.0761,127202.4389,14134.0742,95453.6372,10606.8995,31748.8017,3527.1747,3.666666666666667,237480.0,139290.0,1339.9555,6316.099999999999
Model_K_profile_4/Model K profile 4.xlsx,4,Model K,4,1000,1000,0.5,20,360192.0,360192.0,259877.4966,101433.7632,194400.6153,21598.6586,145912.536,16210.6243,48462.704,5383.8051,2.0,386760.0,246690.0,1205.2999,9653.0
Model_K_profile_4/Model K profile 4.xlsx,5,Model K,4,1000,1000,0.5,30,358656.0,358656.0,336219.2603,87316.6058,184686.0826,20520.2059,138629.8083,15402.8421,46043.5865,5117.3638,0.6666666666666667,1027050.0,970170.0,1060.083,9170.699999999999
Model_K_profile_4/Model K profile 4.xlsx,6,Model K,4,1000,1000,0.5,40,357120.0,357120.0,393212.3137,76519.3911,170678.8851,18963.8507,128107.4933,14235.5757,42562.9333,4728.275,0.3333333333333334,1390770.0,1288710.0,970.3126,8474.9
Model_K_profile_5/Model K profile 5.xlsx,3,Model K,5,8000,1000,0.5,10,361728.0,361728.0,153926.9198,54831.9188,229765.4055,25527.6098,128183.6194,14244.0341,101581.7861,11287.8049,10.33333333333333,725760.0,392850.0,1296.3905,2535.4
Model_K_profile_5/Model K profile 5.xlsx,4,Model K,5,8000,1000,0.5,20,360192.0,360192.0,257433.0039,81158.8524,371482.549,41277.2485,207384.34,23040.8248,164093.9798,18232.1945,8.0,1171200.0,508980.0,1160.4147,4099.2
Model_K_profile_5/Model K profile 5.xlsx,5,Model K,5,8000,1000,0.5,30,358656.0,358656.0,332273.3922,94616.2504,465240.2665,51693.8329,259775.9952,28864.4694,205460.0421,22829.3635,4.666666666666668,1518240.0,837210.0,1009.2571,5133.8
Model_K_profile_5/Model K profile 5.xlsx,6,Model K,5,8000,1000,0.5,40,357120.0,357120.0,388323.3281,99653.2589,525857.7668,58426.7611,293770.5161,32641.1685,232087.2507,25785.5926,4.333333333333334,1720560.0,917850.0,925.4274,5802.3
Model_K_profile_6/Model K profile 6.xlsx,3,Model K,6,60000,200,0.9,10,361728.0,361728.0,114100.2959,15208.2977,1082368.9657,120262.2786,111685.4077,12408.5499,970683.5581,107853.7287,12.0,771210.0,508380.0,1209.2604,1785.7
Model_K_profile_6/Model K profile 6.xlsx,4,Model K,6,60000,200,0.9,20,360192.0,360192.0,174015.7446,15897.6616,1632024.5888,181336.5353,168450.0829,18718.5555,1463574.506,162617.9798,11.33333333333334,1156050.0,524820.0,1103.6481,2692.2
Model_K_profile_6/Model K profile 6.xlsx,5,Model K,6,60000,200,0.9,30,358656.0,358656.0,213102.254,10530.7734,1940584.7092,215618.6436,200300.386,22254.1887,1740284.3232,193364.4549,8.0,1409220.0,758580.0,904.965,3201.1
Model_K_profile_6/Model K profile 6.xlsx,6,Model K,6,60000,200,0.9,40,357120.0,357120.0,237331.4913,15597.3865,2194989.5871,243886.7921,226627.3196,25180.8133,1968362.2675,218705.9788,10.0,1554990.0,599280.0,842.9178,3621.099999999999
Model_K_profile_7/Model K profile 7.xlsx,3,Model K,7,17000,3500,0.7,10,361728.0,361728.0,144999.0231,54248.2855,268344.4077,29816.0453,112785.0065,12531.1975,155584.7765,17289.077,18.33333333333334,490290.0,280770.0,1350.5167,1299.9
Model_K_profile_7/Model K profile 7.xlsx,4,Model K,7,17000,3500,0.7,20,360192.0,360192.0,235402.9641,74941.8897,409731.6715,45527.6209,172387.4925,19154.1658,237407.6174,26377.6843,14.33333333333333,723600.0,358650.0,1220.4817,1985.2
Model_K_profile_7/Model K profile 7.xlsx,5,Model K,7,17000,3500,0.7,30,358656.0,358656.0,302778.7681,80422.967,488285.3205,54252.5148,205684.1911,22854.7388,282630.734,31402.0052,8.333333333333334,1054590.0,608430.0,1044.2412,2365.3
Model_K_profile_7/Model K profile 7.xlsx,6,Model K,7,17000,3500,0.7,40,357120.0,357120.0,344292.8533,64309.6149,468852.0257,52095.6094,197496.409,21945.4552,271355.6168,30150.1542,5.333333333333334,1286610.0,958740.0,966.3522,2271.5
